Estación,Latitud ,Longitud,Copepoditos totales,Acartia tonsa,Aetidaeus armatus,Calanoides patagoniensis,Calanus chilensis,Candacia sp,Centropages brachiatus,Clausocalanus sp,Corycaeus sp,Eucalanidae,Drepanopus forcipatus,Heterorhabdus spinifrons,Lucicutia sp,Metridia sp,Nannocalanus sp,Neocalanus sp,Oithona sp,Oncaea sp,Paracalanus sp,Pleuromamma gracilis,Pleuromamma sp,Rhincalanus nasutus,Scaphocalanus sp,Anfípodos,Apendicularias,Cladóceros,Copépodos,Ctenóforos,Doliólidos,Eufaúsidos,Foraminíferos,Miscidaceos,Medusas,Nauplius,Pleuroncodes monodon(juv),Quetognatos,Ophiuroideos(juv),Ostrácodos,Radiolarios,Salpas,Sifonóforos,Sromatópodos,Tomoptéridos,Calyptopis,Furcillias,Huevos de invertebrados,huevos de peces,Larva cifonauta,Larva cipris,Larva criptoniscus,Larvas de gastrópodos,Larvas de peces,Larvas de poliquetos,Larva trocófora,Megalopas,Zoeas,Poliquetos (larvas tardías),Isópodos ,Cumáceos,Hidrozoos,Juvenil camarón,Larvas equinodermos,Juv. calamar
1,0,0,0,0,0,0,0,0,0,0,0,0,0,0,0,0,0,0,0,0,0,0,0,0,0,0,0,0,0,0,0,0,0,0,0,0,0,0,0,0,0,0,0,0,0,0,0,0,0,0,0,0,0,0,0,0,0,0,0,0,0,0,0,0,0
2,-34.16666667,-72.04,25.89,1.77,0.00,12.06,21.28,0.00,6.03,1.06,0.00,0.35,0.00,0.00,0.00,0.00,0.71,0.00,0.00,0.00,0.00,0.00,0.00,0.00,0.00,0.13,0.27,0.04,69.17,0.13,0.00,0.00,0.00,4.61,0.13,0.00,0.00,0.00,0.00,0.00,0.00,0.04,1.82,0.00,0.44,0.00,0.40,0.00,0.04,0.00,0.00,0.00,0.00,0.00,0.00,0.00,0.04,1.60,0.58,0.00,0.00,0.00,0.00,0.00,0.00
3,-34,-71.94166667,31.81,9.66,0.00,7.95,8.52,0.00,10.23,3.41,0.00,1.14,0.00,0.00,0.00,0.00,0.00,0.00,0.00,0.00,21.02,0.00,0.00,0.00,0.00,1.21,1.78,0.00,93.74,0.00,0.00,0.00,0.00,0.28,0.21,0.00,0.00,0.00,0.00,0.36,0.00,3.62,1.14,0.07,0.00,0.00,0.21,0.00,1.63,0.00,0.00,0.00,0.00,0.14,0.00,0.00,0.00,1.28,0.00,0.00,0.00,0.00,0.00,0.00,0.00
4,-34,-72.02166667,15.34,0.00,0.00,10.22,9.37,0.00,5.40,0.85,0.00,1.99,0.00,0.00,0.00,10.22,0.00,0.00,1.42,0.00,7.67,1.42,0.00,0.00,0.00,0.36,0.11,0.00,63.91,0.00,0.00,0.39,0.43,0.11,0.32,0.00,0.46,0.32,0.00,0.21,0.04,0.00,0.60,1.10,0.00,0.00,0.18,0.00,0.00,0.00,0.00,0.00,0.00,0.00,0.07,0.00,0.04,0.85,0.25,0.00,0.25,0.00,0.00,0.00,0.00
5,-34,-72.12333333,40.34,0.00,0.57,18.75,12.50,0.00,7.95,9.66,0.00,0.00,0.00,0.00,1.14,9.09,1.70,0.00,3.41,0.00,5.68,47.15,14.77,0.00,0.00,0.00,0.00,0.25,172.71,0.18,0.00,20.74,0.00,0.00,0.00,0.00,0.07,0.28,0.00,0.07,0.07,0.11,0.25,0.18,0.46,0.04,10.97,0.00,0.00,0.00,0.00,0.00,0.00,0.00,0.00,0.00,0.00,0.21,0.00,0.00,0.00,0.00,0.00,0.00,0.00
6,-34,-72.245,14.49,0.00,0.00,1.42,4.55,0.00,3.13,5.40,0.00,0.85,0.00,0.00,0.28,1.42,0.28,0.00,2.56,0.00,3.69,23.86,5.40,0.00,0.00,0.00,0.21,0.00,67.33,0.00,0.00,0.32,0.00,0.00,0.00,0.00,0.00,0.78,0.00,0.85,0.32,0.00,0.60,0.00,0.00,0.53,4.83,0.07,0.00,0.00,0.00,0.00,0.00,0.28,0.00,0.00,0.00,0.11,0.00,0.00,0.00,0.00,0.00,0.00,0.00
7,-34.33333333,-72.25833333,14.77,0.00,0.57,0.00,0.00,0.00,2.56,0.85,0.00,0.00,0.00,0.00,0.00,0.85,5.40,0.00,1.14,0.00,3.98,3.69,1.42,0.57,0.00,0.14,0.18,0.00,35.79,2.38,0.00,0.18,0.00,0.00,0.00,0.00,0.00,0.32,0.00,0.14,0.28,0.00,0.21,0.00,0.07,0.07,1.42,0.07,0.00,0.00,0.00,0.00,0.00,0.14,0.00,0.00,0.00,0.11,0.00,0.00,0.00,0.00,0.04,0.00,0.00
8,-34.5,-72.06333333,10.41,1.42,0.00,0.00,0.00,0.00,0.24,0.00,0.00,0.24,0.00,0.00,0.47,0.47,0.47,0.00,0.00,0.00,6.86,0.47,0.24,0.00,0.00,0.12,0.12,0.06,21.30,0.06,0.00,0.00,0.18,0.00,0.06,0.00,0.00,0.00,0.00,0.06,0.36,0.00,1.30,0.00,0.00,0.00,0.12,0.00,0.12,0.00,0.00,0.00,0.00,0.00,0.00,0.00,0.06,0.18,0.00,0.00,0.00,0.00,0.00,0.00,0.00
9,-34.33333333,-72.13333333,7.61,0.00,0.00,0.00,0.56,0.00,6.48,3.66,0.00,0.56,0.00,0.00,1.13,2.25,2.54,0.00,2.54,0.28,3.10,8.17,0.56,0.00,0.00,0.00,0.11,0.00,39.43,0.00,0.00,0.25,0.00,0.00,0.25,0.00,0.04,0.14,0.00,0.07,0.00,0.25,0.18,0.00,0.04,0.11,0.63,0.07,0.00,0.00,0.00,0.00,0.07,0.00,0.00,0.11,0.00,0.14,0.00,0.00,0.00,0.00,0.00,0.00,0.00
10,-34.33333333,-72.01666667,15.72,0.00,0.00,7.55,2.52,0.00,3.14,0.00,0.00,0.00,0.00,0.00,0.00,1.26,0.00,0.00,0.00,0.00,17.61,1.89,0.63,0.00,0.00,0.16,0.28,0.00,50.30,0.08,0.00,0.98,0.00,0.00,0.31,0.00,0.08,0.28,0.00,0.12,0.00,0.12,4.91,0.00,0.55,0.00,1.41,0.00,0.16,0.00,0.00,0.00,0.00,0.08,0.00,0.00,0.12,0.35,0.00,0.00,0.24,0.00,0.04,0.00,0.00
11,-34.66666667,-72.10333333,13.83,0.00,0.00,2.52,0.63,0.00,0.31,0.31,0.00,0.00,0.00,0.00,0.00,1.26,0.63,0.00,0.31,0.00,6.60,1.89,1.57,0.00,0.00,0.35,0.00,0.00,29.87,0.00,0.00,1.49,0.00,0.12,0.35,0.00,0.00,0.31,0.00,0.00,0.00,0.00,0.94,0.00,0.04,0.00,46.72,0.04,0.00,0.00,0.00,0.00,0.00,0.35,0.00,0.00,0.00,0.31,0.00,0.00,0.31,0.00,0.04,0.00,0.00
12,-34.66666667,-72.175,8.81,0.00,0.00,2.56,8.24,0.00,0.00,1.14,0.00,0.00,0.00,0.00,0.00,0.57,0.00,0.00,0.57,0.00,3.98,11.08,0.85,0.00,0.00,0.14,0.00,0.00,37.78,0.00,0.00,8.49,0.00,0.00,0.00,0.00,0.00,0.46,0.07,0.07,0.00,0.00,0.00,0.00,0.00,0.00,19.88,0.00,0.07,0.00,0.00,0.21,0.00,0.07,0.00,0.00,0.00,0.00,0.14,0.00,0.00,0.00,0.00,0.00,0.00
13,-34.66666667,-72.25833333,2.27,0.00,0.00,0.71,0.28,0.00,2.27,0.85,0.00,0.00,0.00,0.28,0.00,1.56,0.00,0.43,0.43,0.14,0.43,1.56,0.14,0.14,0.71,0.18,0.00,0.00,12.22,0.07,0.00,4.33,0.00,0.00,0.00,0.00,0.00,0.46,0.00,1.56,0.00,0.00,0.28,0.04,0.11,0.07,8.70,0.89,0.04,0.00,0.00,0.00,0.00,0.07,0.00,0.00,0.04,0.46,0.00,0.25,0.00,0.00,0.00,0.00,0.00
14,-34.83333333,-72.18666667,1.08,0.00,0.08,0.08,0.25,0.00,0.50,0.25,0.00,0.00,0.08,0.00,0.00,0.25,0.50,0.00,0.50,0.00,0.00,0.08,0.00,0.17,0.00,0.12,0.00,0.00,3.83,0.00,0.00,0.08,0.00,0.04,0.17,0.00,0.00,0.25,0.00,0.00,0.00,0.00,1.33,0.04,0.12,0.29,0.00,0.00,0.00,0.00,0.00,0.00,0.00,0.04,0.00,0.00,0.00,0.29,0.00,0.00,0.00,0.00,0.00,0.00,0.00
15,-35,-72.24166667,54.52,0.81,0.00,27.67,14.65,0.00,0.00,1.63,0.00,0.00,0.00,0.00,0.00,0.00,0.00,0.00,0.00,0.00,5.70,0.00,0.00,0.00,0.00,0.61,0.00,0.00,104.98,0.10,0.00,0.00,0.00,10.07,0.20,0.00,0.20,0.31,0.00,0.00,0.00,0.00,0.61,0.10,0.10,0.00,0.20,0.00,0.10,0.00,0.00,0.00,0.31,0.00,0.00,0.00,0.61,2.54,0.00,0.00,0.00,0.00,0.00,0.00,0.00
16,-35,-72.32,9.02,0.67,0.00,5.35,1.34,0.00,0.00,0.33,0.00,0.00,0.00,0.00,0.00,0.33,0.00,0.00,0.00,0.00,1.00,2.34,0.00,0.00,0.00,0.17,0.13,0.00,20.38,0.04,0.00,0.00,0.00,0.13,0.04,0.00,0.21,0.00,0.00,0.17,0.00,0.00,1.71,0.04,0.25,0.00,1.96,0.54,0.04,0.00,0.00,0.00,0.00,0.00,0.00,0.00,0.21,0.96,0.29,0.00,0.00,0.00,0.25,0.00,0.00
17,-35,-72.42166667,20.45,0.00,0.00,107.37,46.59,0.00,1.14,0.57,1.70,0.00,0.00,0.00,0.00,0.00,1.70,0.00,0.00,1.14,10.23,3.98,0.00,0.00,0.00,0.11,0.04,0.00,196.00,0.00,0.00,2.84,0.00,0.04,0.04,0.00,0.25,1.60,0.00,0.04,0.00,0.00,0.92,0.07,1.49,0.00,13.46,0.00,0.00,0.00,0.00,0.00,0.00,0.07,0.00,0.00,0.21,0.82,0.85,0.00,0.00,0.00,0.00,0.00,0.00
18,-35.16666667,-72.59833333,27.27,0.00,0.00,109.65,35.79,0.00,8.52,7.95,1.14,0.00,0.00,0.00,1.70,1.14,1.70,0.00,5.11,0.57,10.23,19.88,1.14,0.00,0.00,0.11,0.00,0.00,231.79,0.00,0.00,3.80,0.00,0.00,0.00,0.00,0.18,0.28,0.00,0.46,0.50,0.00,0.00,0.07,0.00,0.00,1.14,0.00,0.00,0.00,0.00,0.00,0.00,0.07,0.00,0.04,0.39,0.78,0.00,0.14,0.00,0.00,0.00,0.00,0.00
19,-35.16666667,-72.45,6.82,0.57,0.00,6.11,5.97,0.00,0.14,0.43,0.00,0.00,0.00,0.00,0.00,0.43,0.00,0.00,0.00,0.00,0.57,1.56,0.00,0.00,0.00,0.28,0.00,0.00,22.58,0.36,0.00,0.39,0.00,0.14,0.07,0.00,0.11,0.36,0.00,0.00,0.00,0.00,6.14,0.00,1.38,0.00,1.85,0.00,0.00,0.00,0.00,0.00,0.00,0.00,0.00,0.00,0.04,0.39,0.00,0.00,0.00,0.00,0.00,0.00,0.00
20,-35.33333333,-72.98,18.59,0.00,0.00,1.69,3.38,0.00,6.20,4.51,0.00,1.69,0.00,0.00,0.00,1.69,0.56,0.00,2.82,0.00,1.13,28.73,5.63,1.69,0.00,0.42,0.00,0.00,78.86,3.24,0.00,18.73,0.00,0.00,0.56,0.00,0.14,0.00,0.00,1.55,1.97,0.00,0.84,0.00,0.00,0.00,3.10,0.70,0.00,0.00,0.00,0.00,0.00,0.00,0.00,0.00,0.00,2.53,0.14,0.00,0.00,0.00,0.00,0.00,0.00
21,-35.33333333,-72.69333333,14.77,0.00,0.57,3.98,19.32,0.00,5.68,0.57,0.00,1.14,0.00,0.00,1.14,0.00,0.00,0.00,0.00,0.00,7.95,23.29,3.41,5.11,0.00,0.43,0.00,0.00,86.92,0.57,0.00,107.91,0.00,0.00,0.36,0.00,2.41,0.43,0.39,0.00,0.00,0.00,1.14,0.07,5.68,0.00,5.61,0.00,0.00,0.00,0.00,0.00,0.00,0.00,0.00,0.00,0.00,1.67,2.66,0.00,0.00,0.00,0.00,0.00,0.00
22,-35.33333333,-72.59166667,13.78,4.08,0.51,2.04,7.14,0.00,2.04,1.53,0.00,0.00,0.00,0.00,0.00,0.51,0.00,0.00,4.08,0.51,2.04,0.51,0.00,0.00,0.00,0.26,0.00,0.00,38.79,0.00,0.00,0.00,0.00,0.06,0.19,0.00,1.21,0.51,0.00,0.00,0.00,0.00,1.47,0.13,0.45,0.00,0.13,0.00,0.51,0.00,0.00,0.00,0.00,0.00,0.00,0.00,0.00,2.17,0.00,0.77,0.00,0.00,0.00,0.00,0.00
23,-35.33333333,-72.50833333,10.57,17.30,0.00,0.00,0.00,0.00,0.00,0.00,0.00,1.92,0.00,0.00,0.00,0.00,0.00,0.00,0.00,0.00,2.88,0.00,0.00,1.92,0.00,0.24,0.48,0.00,34.59,0.00,0.00,0.00,0.00,0.00,0.24,0.00,1.20,0.24,0.00,0.00,0.00,0.00,0.96,0.00,0.00,0.00,0.00,0.00,1.92,0.00,0.00,0.00,0.00,0.00,0.00,0.00,0.00,0.72,0.00,0.00,0.00,0.00,0.00,0.00,0.00
24,-35.5,-72.64833333,2.85,1.22,0.00,0.00,0.00,0.00,1.22,0.00,0.00,0.00,0.00,0.00,0.00,0.00,0.00,0.00,0.00,0.00,0.41,0.00,0.00,0.00,0.00,0.71,0.10,0.00,5.70,0.00,0.00,0.00,0.00,0.00,0.00,0.00,0.00,0.00,0.00,0.00,16.89,0.92,0.20,0.10,7.93,0.00,0.61,16.68,0.20,0.00,0.00,0.00,0.00,0.00,0.00,0.00,0.00,0.00,0.00,0.00,0.00,0.00,0.00,0.00,0.00
25,-35.83333333,-72.69666667,16.98,6.69,0.00,0.00,2.06,0.00,3.09,0.00,0.00,0.51,0.00,0.00,0.00,0.51,0.00,0.00,0.00,0.00,6.69,1.03,0.00,0.00,0.00,0.19,0.00,0.00,37.55,0.00,0.00,0.00,0.00,0.58,0.00,0.00,0.51,0.00,0.13,0.00,0.00,0.45,0.06,2.64,0.00,0.00,0.13,0.19,0.13,0.00,0.00,0.00,0.00,0.19,0.00,0.00,0.06,2.12,0.00,0.00,0.00,0.00,0.00,0.00,0.00
26,-36.16666667,-73.50166667,44.14,0.00,0.00,143.73,54.32,0.00,1.13,4.53,0.00,11.32,0.00,0.00,0.00,3.40,7.92,0.00,0.00,0.00,0.00,3.40,0.00,31.69,0.00,0.28,0.00,0.00,308.97,0.99,0.00,2.30,0.00,0.00,0.21,0.00,0.42,0.35,0.07,0.64,0.00,0.00,0.14,3.61,0.00,0.00,3.43,0.00,0.00,0.00,0.00,0.00,0.00,0.00,0.00,0.00,0.00,0.42,0.00,0.00,0.00,0.00,0.00,0.00,0.00
27,-36.16666667,-72.85666667,24.41,11.39,0.00,175.78,0.00,0.00,0.00,1.63,0.00,0.00,6.51,0.00,0.00,0.00,0.00,0.00,1.63,0.00,8.14,0.00,0.00,0.00,0.00,2.19,0.41,0.00,229.49,0.71,0.00,0.10,0.00,0.66,0.00,0.05,0.46,0.00,0.00,0.00,0.00,5.14,0.00,2.29,0.00,0.00,0.25,0.76,0.05,0.00,0.00,0.00,0.00,0.05,0.00,0.00,0.05,1.98,0.00,0.00,0.00,0.00,0.00,0.00,0.00
28,-36,-73.2,36.24,31.71,4.53,720.26,104.19,0.00,27.18,4.53,0.00,9.06,0.00,0.00,0.00,36.24,0.00,0.00,0.00,0.00,0.00,1014.71,0.00,221.97,0.00,0.57,0.57,0.00,2210.61,1.42,0.57,4.53,0.00,0.00,0.00,1.42,5.24,0.00,0.57,0.64,0.00,2.41,0.14,10.90,0.00,0.00,0.00,4.67,0.99,0.00,0.00,0.00,0.00,0.00,0.00,0.00,0.00,0.57,0.00,0.00,0.00,0.00,0.28,0.00,0.00
29,-36,-72.99166667,20.84,1.13,0.00,59.15,21.41,0.00,3.38,5.07,0.00,2.82,0.00,0.00,0.56,2.25,0.00,0.00,0.00,0.00,0.00,15.77,0.00,6.20,0.00,0.00,0.00,0.00,138.58,0.00,0.00,5.49,0.00,0.00,0.00,0.28,0.70,0.00,0.00,0.21,0.00,0.00,0.21,1.06,0.00,0.00,0.00,2.25,0.21,0.00,0.00,0.00,0.00,0.00,0.00,0.00,0.00,0.42,0.00,0.00,0.00,0.00,0.00,0.00,0.00
30,-36,-72.88833333,21.57,1.70,0.57,64.14,13.06,0.00,0.00,1.70,0.00,7.95,0.00,0.57,0.00,0.00,0.00,0.00,0.57,0.00,2.84,0.00,0.00,4.54,0.00,0.25,0.00,0.00,119.20,0.18,0.00,1.14,0.00,0.18,0.00,0.39,0.50,0.00,0.18,0.14,0.00,0.50,0.07,2.16,0.00,0.00,0.00,0.00,0.00,0.00,0.00,0.00,0.00,0.04,0.00,0.00,0.00,0.53,3.16,0.00,0.00,0.00,0.00,0.00,0.00
31,-36,-72.80833333,30.11,15.06,0.94,80.92,52.69,0.00,0.00,6.59,0.00,0.00,0.00,0.00,0.00,0.00,0.00,0.00,13.17,0.00,7.53,0.00,0.00,0.00,0.00,0.00,2.71,1.29,207.95,0.65,0.00,0.00,0.00,0.24,0.71,0.00,0.00,0.24,0.41,0.82,1.53,0.00,0.00,1.88,0.12,0.82,3.70,0.00,0.00,0.00,0.41,0.41,1.12,0.00,0.18,0.53,0.00,3.65,11.29,14.47,0.00,0.00,0.12,0.00,0.00
32,-36.5,-72.905,6.60,2.83,0.00,12.26,0.94,0.00,0.00,1.41,0.00,0.00,0.00,0.00,0.47,0.00,0.00,0.00,0.00,0.00,0.00,0.00,0.94,0.00,0.00,0.00,7.31,0.00,25.46,1.30,0.00,15.80,0.00,0.00,1.77,0.00,0.24,0.00,1.18,2.00,0.00,0.00,1.53,0.00,0.00,0.00,7.43,1.77,0.00,0.00,0.00,0.00,0.00,0.00,0.00,0.00,0.35,1.41,2.48,2.12,0.00,0.00,0.00,0.00,0.24
33,-36.33333333,-72.88333333,35.79,2.27,0.00,2.84,0.00,0.00,1.14,15.91,0.00,4.54,0.00,0.00,0.00,1.14,0.00,0.00,15.91,0.00,1.70,2.84,0.00,1.14,0.00,2.27,13.78,2.56,85.22,1.99,0.00,0.00,0.00,1.56,3.41,0.99,0.00,0.00,1.99,0.00,0.00,0.00,7.81,0.00,11.65,0.00,0.14,0.00,0.00,0.00,0.00,0.00,0.00,0.71,0.00,0.00,0.43,1.14,6.68,7.81,0.00,0.00,0.28,0.00,0.00
34,-36.33333333,-72.965,243.74,24.07,0.00,174.53,81.25,0.00,0.00,81.25,0.00,24.07,0.00,9.03,0.00,6.02,0.00,0.00,9.03,105.32,18.05,0.00,0.00,6.02,0.00,0.19,2.26,8.09,782.36,0.00,0.00,0.00,0.00,0.00,0.94,0.00,0.00,0.00,3.39,0.00,0.00,0.00,2.44,0.00,2.07,0.00,0.00,0.00,0.00,0.00,0.00,0.00,0.00,0.00,0.00,0.00,0.00,1.69,15.42,41.94,0.00,0.00,0.00,0.00,0.00
35,-36.33333333,-73.06666667,29.68,0.00,0.00,40.41,26.52,0.00,0.00,16.42,0.00,1.26,0.00,0.00,1.26,0.00,1.89,0.00,7.58,1.89,0.00,0.00,0.00,10.73,0.00,0.63,1.89,1.26,137.65,1.26,0.00,0.16,0.16,0.00,1.11,0.00,0.00,0.00,1.11,0.00,0.00,0.32,1.74,0.16,1.42,0.00,0.16,0.00,0.16,0.00,0.00,0.00,0.00,0.00,0.00,0.00,0.32,0.47,1.26,0.00,0.00,0.00,0.00,0.00,0.16
36,-36.33333333,-73.27666667,15.34,21.02,0.00,22.16,13.07,0.00,0.00,10.23,0.00,1.70,0.00,1.70,0.00,1.14,3.41,0.00,5.11,0.00,1.70,0.00,0.00,5.11,1.70,0.14,0.00,0.00,103.40,1.56,0.00,0.00,0.00,0.00,0.28,0.00,0.00,0.00,0.00,0.00,0.85,0.00,0.00,0.28,1.56,0.00,0.00,1.14,0.14,0.00,0.00,0.00,0.00,0.00,0.00,0.14,0.00,0.43,11.65,0.43,0.00,0.00,0.00,0.00,0.00
37,-36.33333333,-73.56833333,6.53,5.54,0.00,0.43,0.14,0.00,0.00,2.70,0.00,3.12,0.00,0.00,0.00,0.00,0.00,0.00,0.99,0.00,1.99,0.00,0.00,1.14,0.00,0.25,0.57,0.00,22.58,0.46,0.00,0.07,0.00,0.00,0.21,0.00,0.00,0.57,0.00,0.00,1.17,0.00,0.11,0.11,1.56,0.21,0.28,0.00,0.00,0.00,0.00,0.00,0.00,0.00,0.00,0.00,0.00,0.18,0.25,0.00,0.00,0.00,0.00,0.00,0.00
38,-36.66666667,-73.55833333,21.43,4.51,0.00,46.24,9.02,0.00,0.00,15.79,0.00,2.26,0.00,0.00,3.38,1.13,0.00,0.00,0.00,0.00,5.64,49.62,0.00,18.04,0.00,0.74,0.21,0.07,177.06,2.04,0.00,2.57,0.00,0.00,0.42,0.00,0.00,0.07,0.00,0.14,0.78,0.00,0.07,0.14,0.49,1.13,0.99,1.30,0.11,0.00,0.00,0.00,0.00,0.00,0.00,0.00,0.00,1.16,0.25,0.00,0.00,0.00,0.00,0.00,0.00
39,-36.66666667,-73.33833333,15.21,9.58,0.00,50.70,18.03,0.00,4.51,5.63,0.00,0.00,0.00,0.00,0.00,0.56,1.13,0.00,0.00,0.00,4.51,1.69,0.00,1.69,0.00,0.84,0.00,0.00,113.23,0.00,0.00,0.99,0.00,0.00,0.28,0.00,0.00,0.84,0.00,0.00,0.00,0.00,0.42,0.00,2.68,0.00,0.00,0.00,0.00,0.00,0.00,0.00,0.00,0.00,0.00,0.00,0.00,0.42,0.00,0.00,0.00,0.00,0.00,0.00,0.00
40,-36.66666667,-73.23333333,45.07,175.75,0.00,1059.03,20.28,0.00,6.76,24.79,0.00,0.00,0.00,0.00,0.00,4.51,0.00,0.00,0.00,2.25,2.25,20.28,0.00,0.00,0.00,0.00,0.00,0.28,1360.97,0.42,0.00,0.14,0.00,0.00,1.27,0.14,0.00,0.00,0.00,0.00,0.42,0.00,2.96,0.14,1.13,0.00,0.14,0.42,0.56,0.00,0.70,0.00,0.70,0.14,0.14,0.00,0.00,6.90,7.60,0.00,0.00,0.00,0.00,0.00,0.14
41,-36.66666667,-73.16,544.92,2414.29,0.00,1839.10,242.19,0.00,68.11,0.00,0.00,7.57,0.00,0.00,0.00,22.70,0.00,0.00,0.00,7.57,30.27,30.27,0.00,0.00,0.00,1.95,12.42,1.66,5206.99,2.25,0.00,0.00,0.00,1.24,3.73,0.65,0.00,0.00,0.00,0.00,0.00,0.00,20.28,0.00,10.05,0.00,0.06,0.00,0.00,0.00,0.00,0.00,0.00,0.35,0.00,0.00,0.41,2.48,4.73,8.28,0.00,0.00,0.12,0.00,0.00
42,-36.91666667,-73.20666667,919.38,3947.35,0.00,1618.91,229.85,0.00,9.99,99.93,0.00,0.00,79.95,0.00,0.00,0.00,0.00,0.00,0.00,0.00,169.89,0.00,0.00,0.00,0.00,1.80,14.21,1.17,7075.25,1.95,0.00,1.33,0.00,1.17,0.00,0.31,0.00,0.31,0.00,0.00,0.00,0.00,0.00,0.00,5.23,0.00,0.23,0.00,0.00,0.00,0.00,0.00,0.00,0.00,0.00,0.47,0.31,2.58,4.84,1.01,0.00,0.00,0.23,0.00,0.00
43,-36.91666667,-73.345,31.82,13.64,0.00,59.09,4.55,0.00,0.00,6.82,0.00,0.00,0.00,0.00,2.27,0.00,0.00,0.00,0.00,0.00,0.00,0.00,4.55,0.00,0.00,0.00,0.71,0.00,122.73,0.00,0.00,0.00,0.00,0.43,0.00,0.00,0.14,1.85,0.00,0.00,0.28,0.00,0.00,0.00,2.13,0.00,0.00,0.00,1.28,0.00,0.00,0.00,0.00,0.00,0.43,0.14,0.14,1.14,0.99,0.00,0.00,0.00,0.00,0.14,0.00
44,-36.91666667,-73.49,26.13,72.72,0.00,491.99,39.77,0.00,3.41,0.00,0.00,0.00,4.54,1.14,1.14,0.00,0.00,0.00,0.00,0.00,3.41,13.63,0.00,3.41,0.00,1.07,0.07,0.00,661.29,0.75,0.00,2.24,0.00,0.18,0.53,0.00,0.18,0.21,4.23,0.11,0.00,0.00,1.17,0.07,5.50,0.00,8.91,0.00,0.00,0.00,0.00,0.00,0.46,0.00,0.46,0.00,0.14,0.57,18.18,0.00,0.00,0.00,0.07,0.00,0.04
45,-37,-73.46166667,145.07,292.02,0.00,165.79,1.88,0.00,5.65,7.54,0.00,0.00,5.65,1.88,0.00,5.65,0.00,0.00,0.00,1.88,35.80,3.77,0.00,3.77,0.00,76.54,3.41,4.77,676.35,2.47,0.00,0.00,0.00,0.00,1.94,0.00,0.00,0.00,4.89,0.00,0.00,0.00,0.00,0.00,1.24,0.00,1.83,0.00,0.00,0.00,0.00,0.00,0.00,0.00,0.00,0.00,0.00,1.71,10.95,0.00,0.00,0.00,0.00,0.00,0.00
46,-37,-73.335,236.80,1497.42,0.00,877.56,111.44,0.00,20.89,20.89,0.00,0.00,0.00,0.00,0.00,0.00,0.00,0.00,0.00,0.00,494.50,0.00,0.00,41.79,0.00,0.22,0.00,0.00,3301.28,1.31,0.00,0.00,0.00,0.44,0.87,0.00,0.00,0.00,0.87,0.00,0.00,0.00,1.09,0.65,0.00,0.00,0.00,0.00,0.00,0.00,0.00,0.87,0.00,0.87,0.00,0.00,0.00,0.65,10.45,1.09,0.00,0.00,0.00,0.00,0.00
47,-37,-73.21166667,219.64,1999.52,0.00,147.69,0.00,0.00,18.93,11.36,0.00,0.00,18.93,0.00,3.79,3.79,0.00,0.00,0.00,7.57,87.10,0.00,0.00,0.00,0.00,4.85,21.66,3.79,2518.34,3.79,0.00,0.00,0.00,3.31,6.27,0.00,0.00,0.00,1.54,0.00,0.00,0.00,1.66,0.00,6.86,1.89,0.00,0.00,0.00,0.00,0.00,0.00,0.00,0.59,0.00,0.00,0.00,4.50,4.26,99.41,0.00,0.00,0.12,0.00,0.00
48,-37.00833333,-73.19833333,540.14,6320.75,0.00,287.31,0.00,0.00,0.00,22.98,0.00,0.00,0.00,11.49,0.00,0.00,0.00,0.00,0.00,22.98,114.92,0.00,0.00,45.97,0.00,0.00,4.31,0.00,7366.55,0.36,0.00,0.00,0.00,0.00,1.26,0.00,0.00,0.00,3.05,0.00,0.00,0.00,0.90,0.00,1.44,0.00,0.00,0.36,28.55,0.00,0.00,0.00,0.00,0.18,0.00,0.00,0.00,0.18,0.18,25.68,0.00,0.00,0.00,0.00,0.00
49,-37.08333333,-73.315,4.84,13.62,0.00,4.12,1.79,0.00,1.43,0.00,0.00,1.43,0.00,0.00,0.00,0.00,0.00,0.00,0.00,0.00,9.14,3.05,0.00,0.54,0.00,0.27,0.00,0.00,39.97,0.00,0.00,0.00,0.00,0.00,0.18,0.00,0.00,0.00,0.18,0.00,0.00,0.00,0.00,0.00,0.18,0.00,0.00,0.00,0.00,0.00,0.00,0.00,0.00,0.00,0.00,0.00,0.00,0.00,0.00,0.00,0.00,0.00,0.00,0.00,0.00
50,-37.08333333,-73.43166667,14.83,173.31,0.00,6.02,1.39,0.00,0.93,1.85,0.00,0.00,0.00,0.93,0.00,0.00,0.00,0.00,0.00,0.46,16.68,1.39,0.00,0.00,0.00,0.00,0.00,0.81,217.80,0.00,0.00,0.00,0.00,0.00,0.35,0.00,0.00,0.00,0.46,0.00,0.00,0.00,0.00,0.00,0.00,0.00,0.12,0.00,0.00,0.00,0.00,0.35,0.58,0.00,0.00,0.00,0.00,0.81,0.00,0.00,0.00,0.00,0.00,0.00,0.00
51,-37.16666667,-73.5,207.14,1935.71,0.00,78.57,14.29,0.00,0.00,21.43,0.00,7.14,0.00,0.00,0.00,0.00,0.00,0.00,0.00,7.14,171.43,0.00,0.00,0.00,0.00,7.59,4.46,43.75,2442.86,1.34,0.00,0.00,0.00,0.00,5.36,0.00,0.00,0.00,4.02,3.57,3.57,0.00,0.89,0.00,0.45,0.00,0.00,1.79,4.02,0.00,0.00,0.00,0.00,0.00,3.13,0.00,0.00,2.68,33.48,1.34,0.00,0.00,0.00,0.00,0.00
52,-37.16666667,-73.36666667,498.06,3469.07,0.00,104.25,0.00,0.00,0.00,52.12,0.00,5.79,11.58,0.00,0.00,0.00,0.00,0.00,0.00,23.17,405.40,0.00,0.00,23.17,0.00,12.85,0.00,9.77,4592.61,0.00,0.00,0.00,0.00,0.00,0.00,0.00,0.00,0.00,0.90,0.00,0.00,0.00,0.00,0.00,0.00,0.00,0.00,0.00,3.80,0.00,0.00,0.00,0.00,1.99,0.00,0.00,0.00,0.90,31.85,0.00,0.00,0.00,0.36,0.00,0.00
53,-37.16666667,-73.235,18.39,258.18,0.00,12.73,4.95,0.00,1.41,5.66,0.00,1.41,0.00,0.00,0.00,0.00,0.00,0.00,0.00,2.12,4.95,0.00,0.00,2.12,0.00,25.82,2.48,2.48,311.94,0.00,0.00,0.00,0.00,0.00,7.07,0.00,0.00,0.00,4.24,0.35,0.00,0.00,0.00,0.00,0.00,0.00,0.00,0.00,1.41,0.00,0.00,0.00,1.06,1.41,2.12,0.00,0.35,2.12,47.39,4.95,0.00,0.00,0.35,0.00,0.00
54,-36.83333333,-73.21666667,57.72,20.37,0.00,81.49,13.58,0.00,2.26,1.13,0.00,0.00,6.79,0.00,0.00,1.13,0.00,0.00,0.00,0.00,29.43,4.53,0.00,0.00,0.00,2.30,0.00,0.00,218.43,0.00,0.00,0.00,0.00,0.00,0.00,0.00,0.00,0.00,0.14,0.00,0.00,0.00,0.00,0.00,13.90,0.00,0.00,0.00,0.11,0.00,0.00,0.00,0.00,0.04,0.00,0.00,0.11,0.32,0.57,1.27,0.00,0.00,0.11,0.00,0.00
55,-37,-73.81666667,75.85,34.48,0.00,32.18,0.00,0.00,22.98,4.60,0.00,0.00,0.00,0.00,0.00,2.30,0.00,0.00,4.60,6.90,6.90,0.00,0.00,13.79,0.00,0.04,0.11,0.32,204.56,0.25,0.00,0.32,0.00,0.00,0.21,0.00,0.00,0.46,0.00,0.00,1.20,0.00,0.00,0.00,0.74,0.00,0.92,0.00,0.00,0.00,0.04,0.00,0.00,0.00,0.00,0.04,0.04,0.67,0.00,0.00,0.00,0.00,0.04,0.00,0.00
56,-37,-73.675,34.48,2.30,0.00,202.26,4.60,0.00,0.00,2.30,0.00,0.00,0.00,6.90,0.00,4.60,0.00,0.00,2.30,0.00,2.30,6.90,0.00,2.30,6.90,0.00,0.85,0.57,278.11,0.00,0.00,0.11,0.00,0.25,0.46,0.00,0.00,0.25,0.00,0.00,1.03,0.00,0.25,0.00,0.53,0.21,2.55,4.39,0.00,0.00,0.11,0.04,0.11,0.00,0.11,0.11,0.04,0.85,6.76,0.00,0.00,0.04,0.04,0.00,0.00
57,-37,-73.59166667,66.66,27.58,2.30,89.64,11.49,0.00,0.00,6.90,0.00,0.00,0.00,0.00,0.00,6.90,0.00,0.00,6.90,0.00,16.09,2.30,0.00,6.90,0.00,0.42,0.53,0.99,243.64,0.85,0.00,0.04,0.00,0.18,0.50,0.00,0.00,0.04,0.00,0.00,0.42,0.00,0.04,0.00,0.32,0.00,0.42,8.35,0.00,0.00,0.11,0.07,0.00,0.00,0.00,0.21,0.00,0.50,0.25,0.00,0.00,0.00,0.00,0.00,0.00
58,-37.33333333,-73.84166667,2.84,4.05,0.14,0.43,0.36,0.00,0.14,0.21,0.00,0.00,0.00,0.00,0.00,0.00,0.00,0.00,0.43,0.14,1.56,0.21,0.00,0.00,0.00,0.32,0.60,0.00,10.51,0.28,0.00,0.11,0.00,0.28,0.04,0.00,0.00,0.11,0.14,0.00,0.99,0.00,0.04,0.11,0.50,0.46,3.05,16.51,0.00,0.00,0.00,0.00,0.07,0.00,0.04,0.00,0.04,0.60,0.00,0.00,0.00,0.00,0.00,0.00,0.00
59,-37.33333333,-73.71666667,9.41,2.51,0.00,92.21,18.82,0.00,0.00,0.63,0.00,0.00,2.51,0.00,0.00,4.39,0.00,0.00,0.63,0.00,2.51,0.63,0.00,0.63,0.00,0.16,0.04,0.55,134.87,0.43,0.00,0.31,0.00,0.16,0.20,0.00,0.00,0.16,0.00,0.20,0.00,0.00,0.24,0.27,0.55,0.00,0.24,0.67,0.00,0.00,0.04,0.24,0.12,0.00,0.00,0.12,0.00,0.74,0.00,0.00,0.00,0.00,0.00,0.00,0.00
60,-37.5,-73.73,1.97,0.56,0.49,2.25,0.07,0.00,0.14,0.00,0.00,0.00,0.56,0.00,0.00,1.34,0.00,0.00,1.20,0.14,0.00,0.00,0.00,0.70,0.00,0.04,0.00,0.00,9.44,0.56,0.00,0.21,0.00,0.00,0.28,0.00,0.00,0.63,0.00,0.00,0.28,0.11,0.07,0.04,2.75,0.00,0.21,5.77,0.07,0.00,0.00,0.00,0.04,0.00,0.00,0.00,0.00,0.67,0.00,0.00,0.00,0.00,0.00,0.00,0.00
61,-37.83333333,-73.65,421.38,0.00,0.00,480.59,0.00,0.00,3.48,0.00,0.00,0.00,80.10,0.00,0.00,3.48,0.00,0.00,0.00,0.00,6.97,0.00,0.00,0.00,0.00,1.20,1.09,0.87,996.00,5.77,0.00,0.00,0.00,0.11,1.03,0.00,0.00,0.49,0.00,0.05,0.44,0.00,0.27,0.11,0.44,0.00,10.61,0.33,0.33,0.00,0.00,0.00,0.38,0.44,0.16,0.00,0.00,2.29,0.49,0.05,0.00,0.00,0.22,0.00,0.00
62,-37.66666667,-73.71333333,6.93,3.15,0.00,23.62,4.09,0.00,0.00,0.00,0.00,0.00,10.08,0.00,0.00,0.31,0.00,0.00,1.26,0.00,0.94,0.00,0.00,0.31,0.00,0.20,0.28,0.00,50.71,0.31,0.00,0.00,0.04,0.08,0.00,0.00,0.00,0.16,0.00,0.04,0.08,0.00,0.04,0.00,0.51,0.00,0.91,0.00,0.04,0.00,0.00,0.00,0.08,0.04,0.08,0.00,0.04,0.67,0.63,0.00,0.00,0.00,0.04,0.00,0.00
63,-37.66666667,-73.79833333,107.03,56.33,1.13,51.82,0.00,0.00,2.25,0.00,0.00,0.00,6.76,0.00,0.00,27.04,0.00,0.00,0.00,0.00,0.00,2.25,0.00,3.38,0.00,0.56,0.00,1.16,258.00,1.87,0.00,0.60,0.00,0.00,0.39,0.00,0.00,0.42,0.00,0.46,0.00,4.44,0.00,0.21,0.60,0.00,0.92,0.00,0.00,0.00,0.00,0.00,0.00,0.00,0.00,0.00,0.21,0.42,0.00,0.00,0.00,0.00,0.00,0.00,0.00
64,-37.66666667,-73.88333333,59.09,56.82,13.64,0.00,0.00,0.00,0.00,4.55,0.00,0.00,9.09,0.00,0.00,34.09,0.00,0.00,11.36,6.82,2.27,2.27,2.27,13.64,0.00,0.21,0.00,0.50,215.91,1.70,0.00,2.13,0.00,0.00,0.14,0.00,0.00,0.07,0.00,0.00,0.92,0.00,0.00,0.21,0.57,1.14,1.21,0.00,0.21,0.00,0.00,0.00,0.00,0.14,0.00,0.00,0.00,1.63,0.00,0.00,0.00,0.07,0.00,0.00,0.00
65,-38,-74.035,24.79,1.13,2.25,0.00,0.00,0.00,61.96,0.00,0.00,0.00,4.51,0.00,0.00,20.28,0.00,0.00,2.25,0.00,1.13,0.00,0.00,23.66,0.00,0.18,0.00,3.80,141.96,0.56,0.00,0.32,0.00,0.11,0.00,0.00,0.00,0.46,0.46,0.00,0.00,0.04,0.00,0.18,0.42,0.00,1.65,0.00,0.00,0.00,0.00,0.00,0.00,0.11,0.00,0.00,0.11,0.21,0.00,0.04,0.00,0.07,0.00,0.00,0.00
66,-38,-73.71333333,31.81,0.00,0.00,199.98,0.00,0.00,2.27,4.54,0.00,0.00,34.09,0.00,0.00,36.36,0.00,0.00,9.09,0.00,18.18,0.00,0.00,2.27,0.00,0.14,0.00,0.00,338.60,0.85,0.00,0.36,0.00,0.28,0.07,0.00,0.00,0.78,0.00,0.00,0.00,0.00,0.07,0.18,0.92,0.00,2.63,0.00,0.04,0.00,0.00,0.00,0.00,0.07,0.04,0.00,0.00,0.71,0.00,0.00,0.00,0.04,0.14,0.00,0.00
67,-38.16666667,-73.60666667,195.28,66.09,0.00,255.36,12.02,0.00,0.00,0.00,0.00,0.00,69.10,0.00,0.00,3.00,0.00,0.00,627.89,3.00,0.00,0.00,0.00,0.00,0.00,0.00,0.33,0.00,1231.75,0.00,0.00,0.00,0.00,0.38,0.00,0.00,0.00,0.00,0.00,0.00,0.28,0.00,2.25,0.00,3.19,0.33,2.72,0.00,0.00,0.00,0.00,0.00,0.00,0.14,0.00,0.00,0.19,1.50,2.16,0.00,0.00,0.00,0.00,0.00,0.00
68,-38.16666667,-73.52,55.20,205.75,0.00,541.98,0.00,0.00,15.06,0.00,0.00,0.00,0.00,0.00,0.00,0.00,0.00,0.00,20.07,0.00,15.06,0.00,0.00,10.04,0.00,0.00,0.63,0.00,863.16,0.00,0.00,0.00,0.00,1.88,6.90,0.00,0.00,0.63,0.00,0.00,0.00,0.00,1.25,0.00,0.00,0.00,0.63,0.63,0.00,0.00,1.25,0.00,0.63,1.25,1.88,0.00,0.63,1.88,0.63,0.00,0.00,0.00,0.00,0.00,0.00
69,-38.16666667,-73.55666667,86.25,0.00,0.00,52.08,0.00,0.00,1.63,0.00,0.00,0.00,8.14,0.00,0.00,0.00,0.00,0.00,6.51,0.00,34.17,0.00,0.00,0.00,0.00,0.61,1.42,1.63,188.77,9.97,0.00,0.00,0.00,2.24,0.00,0.00,0.00,0.81,0.41,0.00,0.00,0.00,0.81,0.20,0.00,0.00,2.03,0.00,0.00,0.00,0.00,0.00,0.81,0.00,0.00,0.00,0.20,1.63,0.00,0.00,0.00,0.00,0.00,0.00,0.00
70,-38.5,-73.56166667,392.35,196.17,0.00,3395.31,135.81,0.00,15.09,0.00,0.00,0.00,392.35,0.00,0.00,0.00,0.00,0.00,0.00,75.45,437.62,0.00,0.00,0.00,0.00,0.00,6.84,0.00,5040.14,4.01,0.00,0.00,0.00,0.71,15.56,0.00,0.00,0.00,0.00,0.47,1.41,0.00,1.18,0.00,0.00,0.00,0.47,0.00,2.12,0.00,0.00,0.00,0.00,0.00,0.94,0.00,0.71,4.24,4.95,0.00,0.00,0.00,0.00,0.00,0.00
71,-38.33333333,-74.07333333,124.88,29.97,0.00,34.97,0.00,0.00,174.83,0.00,0.00,0.00,14.99,0.00,0.00,0.00,0.00,0.00,5.00,0.00,79.92,0.00,0.00,89.91,0.00,0.31,26.54,1.56,554.45,24.35,0.00,27.47,0.00,0.00,0.31,0.00,0.00,0.00,7.18,0.00,0.00,0.00,0.31,1.25,2.19,3.43,64.62,0.00,0.00,0.31,0.00,0.00,0.00,0.94,0.00,0.00,0.31,1.56,0.00,0.00,0.00,0.31,0.00,0.00,0.00
72,-38.33333333,-74.07,49.80,56.59,0.00,4.53,29.43,0.00,45.27,0.00,0.00,0.00,15.84,0.00,0.00,0.00,0.00,0.00,2.26,0.00,49.80,0.00,0.00,0.00,0.00,0.39,1.87,0.42,253.52,10.12,0.00,0.00,0.00,0.32,0.00,0.00,0.00,0.50,0.57,0.00,0.00,0.00,0.18,0.04,1.10,1.03,12.45,0.00,0.04,0.00,0.00,0.00,0.00,0.11,0.00,0.07,0.04,1.06,0.78,0.00,0.00,0.00,0.00,0.00,0.00
73,-38.33333333,-73.82,147.58,170.29,0.00,90.82,17.03,0.00,244.08,17.03,0.00,0.00,0.00,0.00,0.00,0.00,0.00,0.00,0.00,0.00,147.58,0.00,0.00,5.68,0.00,0.00,7.63,0.18,840.08,33.53,0.00,0.00,0.00,0.00,1.24,0.00,0.00,1.06,0.00,0.00,0.00,0.00,1.60,0.00,0.89,6.74,80.00,0.00,0.53,0.00,0.00,0.00,0.00,1.95,0.00,0.35,1.24,0.00,0.00,0.00,0.00,0.18,0.00,0.00,0.00
74,-38.33333333,-73.68,125.01,159.11,0.00,39.78,17.05,0.00,11.36,0.00,0.00,0.00,125.01,0.00,0.00,0.00,0.00,0.00,17.05,5.68,397.77,0.00,0.00,5.68,0.00,1.95,3.91,0.71,903.50,9.06,0.00,0.00,0.18,1.42,7.64,0.18,0.00,3.20,0.00,0.53,0.00,0.00,0.00,0.18,0.00,0.36,0.53,2.13,0.00,0.00,0.89,0.00,0.53,0.00,1.07,0.00,0.18,7.46,0.00,0.00,0.00,0.00,0.18,0.00,0.00
75,-38.33333333,-73.54666667,0.00,0.00,0.00,0.00,0.00,0.00,0.00,0.00,0.00,0.00,0.00,0.00,0.00,0.00,0.00,0.00,0.00,0.00,0.00,0.00,0.00,0.00,0.00,2.83,0.88,1.24,0.00,3.01,0.00,0.00,0.00,5.13,6.01,0.00,0.00,0.00,0.00,0.18,0.35,0.00,0.00,0.18,0.00,0.35,0.35,1.06,1.24,0.35,3.01,0.00,1.24,0.00,0.53,5.48,0.00,8.13,0.00,0.00,0.00,0.00,0.00,0.00,0.00
76,-38.83333333,-73.48,49.25,113.65,0.00,11.36,0.00,0.00,3.79,0.00,0.00,0.00,94.71,0.00,0.00,0.00,0.00,0.00,3.79,0.00,11.36,0.00,0.00,7.58,0.00,0.95,3.08,1.89,295.48,9.71,0.00,0.00,0.00,0.00,10.89,0.00,0.00,0.00,0.00,0.71,0.00,0.00,0.00,0.00,0.00,0.24,0.00,0.95,0.00,0.24,2.37,0.00,0.95,0.00,0.47,0.00,0.00,4.50,0.00,0.00,0.00,0.00,0.00,0.00,0.00
77,-38.66666667,-73.52666667,56.01,7.47,0.00,97.08,0.00,0.00,26.14,0.00,0.00,0.00,18.67,0.00,0.00,0.00,7.47,0.00,0.00,0.00,14.94,0.00,0.00,3.73,0.00,1.52,0.00,6.88,231.50,69.31,0.00,0.00,0.23,0.93,15.05,0.00,0.00,0.00,0.00,0.00,0.00,0.00,0.00,0.00,0.00,1.28,0.00,0.00,0.00,0.00,0.00,0.00,0.00,0.00,0.93,0.00,0.82,9.80,0.00,0.00,0.00,0.00,0.23,0.00,0.00
78,-38.66666667,-73.61333333,47.08,12.28,0.00,55.27,12.28,0.00,2.05,0.00,0.00,0.00,2.05,0.00,0.00,0.00,0.00,0.00,0.00,6.14,14.33,0.00,0.00,0.00,0.00,2.56,3.07,0.51,151.49,9.21,0.00,0.00,0.00,0.00,0.00,0.00,0.00,1.02,0.00,0.00,0.00,0.00,0.00,0.00,2.56,1.54,14.84,1.54,0.00,0.00,0.00,0.00,0.00,0.51,1.02,1.02,0.00,1.54,0.00,0.00,0.00,0.00,0.00,0.00,0.00
79,-38.66666667,-73.72,112.02,0.00,0.00,218.70,16.00,0.00,16.00,0.00,0.00,0.00,42.67,0.00,0.00,5.33,0.00,0.00,0.00,5.33,21.34,0.00,0.00,42.67,0.00,1.54,2.13,0.00,480.07,2.58,0.00,0.00,0.00,0.00,0.13,0.00,0.00,0.00,0.00,0.00,0.54,0.00,0.00,0.00,0.88,0.67,2.21,2.54,0.00,0.00,0.38,0.00,0.46,0.13,0.00,0.00,0.00,0.96,0.00,0.00,0.00,0.00,0.04,0.00,0.00
80,-38.66666667,-74.05166667,27.27,11.36,0.00,0.00,0.00,0.00,59.09,2.27,0.00,0.00,0.00,0.00,0.00,0.00,0.00,0.00,0.00,0.00,4.55,0.00,0.00,134.09,0.00,0.71,3.41,0.00,238.64,0.71,0.00,1.70,0.00,0.00,0.28,0.00,0.00,0.00,0.00,0.00,1.70,0.00,0.00,0.00,0.99,1.70,1.70,2.84,0.43,0.71,0.00,0.00,0.57,0.14,0.00,0.00,0.00,0.57,0.00,0.00,0.00,0.00,0.00,0.00,0.00
81,-39.16666667,-73.31833333,21.31,62.50,0.00,5.68,2.84,0.00,48.30,4.26,0.00,0.00,12.78,0.00,0.00,0.00,0.00,0.00,0.00,0.00,2.84,2.84,0.00,28.41,0.00,1.60,1.95,7.10,191.77,1.24,0.00,0.00,0.00,5.50,53.98,0.00,0.00,0.00,0.00,0.89,1.07,0.00,0.00,0.00,0.00,0.00,0.00,0.00,0.00,0.00,1.95,0.00,0.00,0.53,1.07,0.00,0.53,1.78,0.00,0.00,0.00,0.00,0.00,0.00,0.00
82,-39,-73.37666667,63.09,184.77,0.00,0.00,0.00,0.00,153.22,9.01,0.00,0.00,40.56,0.00,0.00,0.00,0.00,0.00,0.00,0.00,144.21,0.00,0.00,18.03,0.00,0.99,1.41,0.84,612.89,0.00,0.00,0.00,0.00,4.37,34.08,0.00,0.00,0.00,0.00,0.70,0.00,0.00,0.42,0.00,0.00,0.00,0.00,0.28,3.38,0.14,0.28,0.00,0.00,0.00,0.14,0.42,0.00,1.27,0.28,0.00,0.28,0.00,0.00,0.00,0.00
83,-39,-73.45166667,54.97,177.85,0.00,58.21,0.00,0.00,74.37,6.47,0.00,0.00,42.04,0.00,0.00,0.00,0.00,0.00,0.00,0.00,6.47,0.00,0.00,0.00,0.00,1.11,4.14,2.93,420.37,5.15,0.00,0.00,0.00,1.31,13.34,0.00,0.00,0.10,1.41,1.11,0.30,0.00,0.91,0.00,0.71,2.83,0.91,1.41,0.30,0.00,2.43,0.00,3.13,0.00,1.21,0.91,0.81,3.44,0.51,0.00,0.30,0.00,0.00,0.00,0.00
84,-39,-73.58166667,110.07,45.32,0.00,268.69,87.41,0.00,0.00,6.47,0.00,0.00,77.69,0.00,0.00,0.00,0.00,0.00,0.00,3.24,0.00,0.00,0.00,0.00,0.00,0.20,0.00,0.00,598.89,0.40,0.00,0.00,0.00,0.20,0.61,0.00,0.20,0.40,0.81,0.40,0.20,0.00,0.61,0.20,0.40,0.00,0.00,0.00,0.20,0.00,0.00,0.00,1.62,0.00,0.61,0.00,0.40,1.21,3.44,0.00,0.00,0.00,0.00,0.00,0.00
85,-39,-73.79833333,56.82,0.00,0.00,0.00,2.27,0.00,168.19,9.09,0.00,0.00,2.27,0.00,0.00,2.27,0.00,0.00,0.00,0.00,6.82,2.27,0.00,154.55,0.00,0.18,0.00,3.84,404.56,0.57,0.00,0.32,0.00,0.11,0.00,0.00,0.00,0.46,0.46,0.00,0.00,0.04,0.00,0.18,0.43,0.00,1.67,0.00,0.00,0.00,0.00,0.00,0.00,0.11,0.00,0.00,0.11,0.21,0.21,0.00,0.07,0.00,0.00,0.00,0.00
86,-39,-73.925,24.91,0.00,0.00,0.00,0.00,0.00,56.62,3.40,0.00,0.00,3.40,0.00,0.00,0.00,0.00,0.00,1.13,0.00,0.00,0.00,0.00,31.71,0.00,0.00,2.26,0.00,121.18,1.70,0.00,0.42,0.00,0.14,0.28,0.28,0.00,0.99,0.00,0.28,0.00,0.00,0.14,0.57,1.13,0.42,1.13,2.26,0.00,1.27,0.00,0.00,0.28,0.14,0.00,0.00,0.00,0.57,0.00,0.00,0.00,0.00,0.00,0.00,0.00
87,-39.33333333,-73.28166667,163.36,152.47,0.00,87.12,0.00,0.00,43.56,0.00,0.00,0.00,54.45,0.00,0.00,10.89,0.00,0.00,21.78,0.00,10.89,0.00,0.00,0.00,0.00,0.00,0.00,5.45,544.52,0.00,0.00,0.00,0.00,0.00,138.85,4.08,0.00,0.00,5.45,0.00,0.00,0.00,0.00,0.00,0.00,0.00,0.00,0.00,0.00,0.00,87.12,4.08,4.08,0.00,2.72,4.08,4.08,5.45,12.25,0.00,1.36,0.00,0.00,0.00,0.00
88,-39.33333333,-73.37,98.27,604.74,0.00,90.71,22.68,0.00,7.56,0.00,0.00,0.00,257.02,0.00,0.00,0.00,0.00,0.00,15.12,7.56,0.00,0.00,0.00,0.00,0.00,0.00,0.59,0.83,1103.66,2.48,0.00,0.00,0.00,14.29,0.00,0.00,0.00,3.66,0.35,0.00,0.00,0.00,0.00,0.00,4.13,0.00,0.00,0.00,0.35,0.00,0.59,0.00,0.00,0.00,0.00,0.00,0.12,1.42,2.60,0.00,0.00,0.12,0.00,0.00,0.00
89,-39.33333333,-73.475,49.86,139.61,0.00,179.49,14.96,0.00,0.00,0.00,0.00,0.00,598.31,0.00,0.00,14.96,0.00,0.00,14.96,9.97,0.00,0.00,0.00,0.00,0.00,1.87,0.00,0.93,1022.12,2.42,0.00,0.00,0.00,0.00,2.80,0.00,0.00,0.00,3.97,1.25,0.00,0.00,0.00,0.00,1.87,0.00,0.00,1.25,0.00,0.00,0.00,0.47,0.00,0.00,0.00,0.00,0.39,1.32,0.00,0.00,0.16,0.16,0.00,0.00,0.00
90,-39.33333333,-73.69,20.30,2.26,0.00,112.78,27.07,0.00,6.77,0.00,0.00,0.00,157.89,0.00,0.00,0.00,0.00,0.00,2.26,20.30,0.00,0.00,0.00,0.00,0.00,0.11,4.23,0.32,349.62,0.67,0.00,0.00,0.00,0.00,0.00,0.00,0.00,0.00,1.66,0.00,0.00,0.00,0.00,0.00,1.27,0.00,0.00,0.00,0.00,0.00,0.00,0.00,0.00,0.00,0.00,0.00,0.14,0.81,0.00,0.00,0.04,0.00,0.00,0.00,0.00
91,-39.33333333,-73.93833333,16.49,1.18,0.00,8.25,0.00,0.00,62.44,1.18,0.00,0.00,1.18,0.00,0.00,0.00,0.00,0.00,7.07,0.00,1.18,0.00,0.00,24.74,0.00,1.18,11.49,0.88,123.70,0.88,0.00,0.29,0.00,0.00,0.00,0.00,0.59,0.00,1.18,1.18,0.00,0.00,0.88,0.00,0.00,1.47,1.77,17.67,0.29,0.59,0.29,0.00,0.00,0.00,0.59,0.00,0.29,1.47,0.00,0.00,0.29,0.29,0.00,0.00,0.00
92,-39.5,-73.31833333,5.63,148.71,0.00,3.38,4.51,0.00,1.13,0.00,0.00,0.00,14.65,0.00,0.00,2.25,0.00,0.00,1.13,0.00,0.00,0.00,0.00,0.00,0.00,2.11,1.97,0.84,181.39,1.97,0.00,0.14,0.00,0.00,0.00,0.00,0.00,0.00,1.27,2.96,0.00,0.00,0.00,0.00,7.18,0.00,0.00,0.00,0.00,0.00,0.00,0.28,0.00,0.00,2.53,0.00,0.56,5.07,0.00,0.00,0.00,0.00,0.00,0.00,0.00
93,-39.66666667,-74.07333333,24.81,6.77,0.00,28.20,9.02,0.00,18.04,2.26,0.00,0.00,4.51,0.00,0.00,0.00,0.00,0.00,9.02,20.30,4.51,1.13,0.00,30.45,0.00,0.56,4.30,0.00,159.02,0.00,0.00,0.04,0.00,0.00,10.01,0.00,0.00,0.25,0.00,0.78,0.21,0.00,0.00,0.28,0.46,0.00,0.25,1.27,0.04,0.00,0.00,0.21,0.00,0.04,0.11,0.21,0.07,0.53,1.02,0.07,0.56,0.00,0.00,0.00,0.00
94,-39.66666667,-73.835,111.74,0.00,6.57,1038.56,0.00,0.00,39.44,6.57,0.00,0.00,203.77,0.00,0.00,6.57,0.00,0.00,19.72,13.15,0.00,0.00,0.00,0.00,0.00,1.49,1.49,0.00,1446.10,0.00,0.00,0.00,0.00,0.00,3.24,0.00,0.00,0.62,0.00,1.59,0.00,0.00,0.00,0.26,0.82,0.00,0.72,0.62,0.00,0.00,0.05,0.00,0.00,0.00,0.26,0.15,0.15,1.34,0.82,0.00,0.00,0.05,0.00,0.00,0.00
95,-39.66666667,-73.61833333,219.64,151.48,7.57,2166.15,75.74,0.00,37.87,7.57,0.00,0.00,719.52,0.00,0.00,7.57,0.00,0.00,22.72,22.72,37.87,0.00,0.00,0.00,0.00,2.19,12.54,0.00,3476.44,1.07,0.00,0.06,0.00,0.00,11.36,0.00,0.00,0.00,1.54,0.95,0.30,0.00,0.00,0.00,0.47,0.00,0.00,0.00,1.24,0.00,0.18,0.00,0.00,0.30,0.24,0.41,0.06,1.36,0.00,0.24,0.00,0.06,0.00,0.00,0.00
96,-39.66666667,-73.52,69.93,49.95,0.00,999.01,0.00,0.00,9.99,0.00,0.00,0.00,679.33,0.00,0.00,19.98,0.00,0.00,19.98,19.98,0.00,0.00,0.00,0.00,0.00,4.53,29.74,0.00,1868.16,1.64,0.00,0.00,0.00,0.00,29.58,0.00,0.00,0.00,1.33,2.19,0.00,0.00,0.00,0.86,0.00,0.08,0.47,4.14,0.00,0.00,0.62,0.00,0.00,0.23,0.70,0.16,0.00,0.62,0.00,0.47,0.55,0.00,0.00,0.00,0.00
97,-39.66666667,-73.42166667,78.41,1202.31,0.00,169.89,45.74,0.00,45.74,0.00,0.00,0.00,117.62,0.00,0.00,6.53,0.00,0.00,0.00,0.00,19.60,0.00,0.00,13.07,0.00,2.45,3.68,0.00,1698.91,34.71,0.00,0.00,0.00,0.00,4.90,0.82,0.00,0.82,0.00,2.86,0.82,0.00,0.00,0.00,1.63,0.41,0.41,1.63,0.82,0.00,1.63,0.00,0.00,0.00,2.04,0.00,0.41,5.31,4.49,0.41,1.63,0.00,0.00,0.00,0.00
98,-39.83333333,-73.44166667,50.06,254.83,0.00,40.95,13.65,0.00,4.55,0.00,0.00,0.00,72.81,0.00,0.00,18.20,0.00,0.00,4.55,4.55,13.65,0.00,0.00,0.00,0.00,3.27,30.01,0.85,477.81,7.39,0.00,0.00,0.00,0.00,2.28,0.00,0.28,6.11,8.67,0.43,3.70,0.00,1.00,0.14,0.00,1.71,5.26,4.69,0.00,0.00,0.28,0.00,0.00,0.00,0.00,0.00,0.00,0.00,0.00,0.00,0.00,0.00,0.00,0.00,0.00
99,-40,-74.15333333,0.39,0.00,0.11,0.18,0.00,0.00,1.36,0.21,0.00,0.00,0.86,0.00,0.00,0.00,0.00,0.00,0.14,0.14,0.00,0.00,0.00,0.04,0.00,0.68,11.10,0.47,3.44,1.07,0.00,0.00,0.11,0.00,0.61,0.00,0.00,1.65,1.33,0.29,3.87,0.00,0.00,0.11,0.00,1.47,4.12,0.00,0.00,0.00,0.00,0.00,0.36,0.04,0.25,0.04,0.00,0.43,0.00,0.00,0.00,0.00,0.00,0.00,0.00
100,-40,-73.91833333,14.79,2.28,0.00,60.30,0.00,1.14,1.14,0.00,0.00,0.00,54.61,0.00,2.28,1.14,0.00,0.00,2.28,3.41,12.52,0.00,0.00,3.41,0.00,0.71,1.00,0.28,159.28,1.56,0.00,0.00,0.14,0.00,0.00,0.00,0.28,1.00,0.57,0.71,0.00,0.00,0.43,0.00,0.57,0.00,0.43,0.00,0.00,0.00,0.14,0.00,0.00,0.00,0.00,0.00,0.00,0.00,0.00,0.00,0.00,0.00,0.00,0.00,0.00
101,-40,-73.83333333,18.20,2.28,0.00,27.30,6.83,0.00,2.28,0.00,0.00,0.00,34.13,0.00,0.00,15.93,0.00,0.00,4.55,0.00,2.28,4.55,0.00,0.00,0.00,0.14,8.53,0.14,118.32,1.14,0.00,0.14,0.00,0.28,0.85,0.00,0.00,1.42,0.71,0.57,0.14,0.00,0.57,0.00,0.85,0.43,0.00,0.00,0.00,0.00,0.00,0.00,0.00,0.00,0.00,0.00,0.00,3.27,4.55,0.00,0.00,0.00,0.00,0.00,0.00
102,-40,-73.745,30.48,0.00,0.00,371.81,9.14,0.00,12.19,21.33,0.00,0.00,344.38,0.00,0.00,0.00,0.00,0.00,6.10,9.14,0.00,0.00,0.00,0.00,0.00,0.38,8.76,0.38,804.57,1.33,0.00,0.19,0.00,0.19,1.33,0.00,0.19,1.52,0.00,0.19,0.00,0.00,0.00,0.00,0.38,0.00,9.90,0.19,0.00,0.00,0.00,0.00,0.00,0.00,0.00,0.00,0.00,2.10,10.67,0.00,0.00,0.00,0.00,0.00,0.00
