Estacion,Latitud,Longitud,Foraminí,Medusas,Sifonofo,Lar_cifo,Ctenofor,Lar_equi,Quetogna,Pteropod,Cefalopo,Gastropo,Poliquet,Cladocer,Ostracod,Copepodo,Cirriped,Estomato,Anfipodo,Cumaceos,Isopodos,Misidace,Eufausid,Hue_crus,Gennadas,Sergesti,Peneidos,Carideos,Calliana,Pagurido,Albuneid,Porcelan,Hipidos,Galateid,Braquiur,Apendicu,Salpas,Doliolid,Amphioxu,Juv_pece ,Lar_pece,Hue_pece,Hue_anch,Ab_total,
1,-70.478,-25.167,17.01,17.01,102.05,119.06,,,612.29,,,,17.01,,68.03,167802.78,,,,,17.01,,170.08,,,,,204.10,34.02,340.16,,119.06,,4626.23,442.21,1054.51,,,,,34.02,34.02,1190.57,177021.21,
2,-70.493,-25.000,,42.23,31.67,31.67,,,559.51,,,,,,84.45,26613.71,10.56,,190.02,,,,411.72,31.67,,,,200.58,21.11,453.94,,10.56,,1140.14,52.78,31.67,,,,,,,,29917.99,
3,-70.568,-25.000,,,84.45,105.57,,,3673.77,,,21.11,,,401.16,124380.29,,,1076.79,,,,1013.45,781.20,,,,105.57,,316.70,,,,2322.50,21.11,147.80,,42.23,,,63.34,,,134557.05,
4,-70.655,-25.000,,8.87,8962.58,150.86,17.75,,1597.29,97.61,,,,79.86,150.86,70804.34,,,97.61,,,8.87,1064.86,159.73,,8.87,,,,26.62,,,8.87,70.99,35.50,647.79,8.87,283.96,,17.75,141.98,,17.75,84470.05,
5,-70.850,-25.000,33.55,25.16,6701.69,92.26,,,4051.21,352.28,,41.94,16.78,16.78,1073.61,85503.19,,,2709.19,,8.39,,704.56,1132.33,,,,,,,,,,41.94,,1476.22,352.28,847.15,8.39,,150.98,,,105339.86,
6,-70.778,-25.333,,65.84,15406.13,373.08,,,5530.40,65.84,,,,,131.68,153029.79,,,175.57,,,,482.81,482.81,,,,21.95,,,,,,21.95,153.62,1272.87,,87.78,,,131.68,,,177433.80,
7,-70.637,-25.333,,,575.56,48.98,,,3061.47,12.25,,,,,306.15,103539.04,,,12.25,,,,146.95,661.28,,,,36.74,,,,,,195.93,281.66,575.56,,12.25,,,73.48,,,109539.53,
8,-70.542,-25.333,,,,108.85,,,598.69,,,,,,217.70,211255.29,136.07,,27.21,,,,27.21,517.05,,,,54.43,,,,81.64,,27.21,353.77,761.97,489.84,,,,353.77,,,215010.70,
9,-70.468,-25.333,,170.08,34.02,34.02,,,510.25,68.03,,,102.05,,,259306.83,170.08,,,,,,34.02,,,,,408.20,,1496.72,,374.18,,34.02,544.26,13640.57,,,,,2551.23,306.15,17994.66,297779.35,
10,-70.650,-25.500,,331.90,217.45,206.01,,,4177.34,22.89,,,286.12,11.44,309.01,298342.05,434.90,11.44,,,,,595.13,2449.18,,,,240.34,11.44,778.24,11.44,309.01,,103.00,2575.07,11009.86,,45.78,,11.44,709.58,34.33,194.56,323428.96,
11,-70.715,-25.667,,,6725.04,91.84,,,4602.42,10.20,,,204.10,153.07,367.38,125826.57,10.20,,30.61,,,,1306.23,214.30,,10.20,,183.69,30.61,306.15,,20.41,10.20,346.97,91.84,969.47,,40.82,,10.20,142.87,10.20,10.20,141725.82,
12,-70.782,-25.667,,36.55,63751.76,73.11,,,1973.97,219.33,,,36.55,,438.66,81846.44,,,328.99,,,,621.43,,,,,73.11,,,,,,,182.77,1169.76,,36.55,,,73.11,109.66,,150971.78,
13,-70.877,-25.667,,43.74,52088.79,,,,1815.02,502.96,,,21.87,,415.49,48436.89,,,415.49,,,,1487.00,1705.68,,,,196.81,,,,,,21.87,65.60,262.41,,109.34,43.74,,21.87,153.07,,107807.61,
14,-71.065,-25.667,23.33,11.66,1737.75,,,,2332.55,58.31,,,46.65,0.00,454.85,19383.50,,,93.30,,,,956.35,11.66,,,,23.33,,,,,,,11.66,594.80,,11.66,,,46.65,46.65,,25844.67,
15,-70.763,-25.833,,,719.20,116.63,,,1477.28,,,,58.31,,388.76,115927.81,,,,,,,1496.72,,,,,291.57,58.31,971.90,,,,291.57,155.50,913.58,,19.44,,,213.82,,,123100.40,
16,-70.658,-26.000,32.80,43.74,32.80,131.21,,,1344.86,,,,513.89,,918.44,175160.03,,,,,21.87,10.93,349.88,142.14,,,,317.08,,677.90,,,,809.10,371.75,3728.44,,273.35,,,328.02,,1115.25,186323.48,
17,-70.733,-26.000,,,70.99,26.62,,,1712.65,,,,,,248.47,59605.56,,,,,,,665.54,,,,,62.12,,,,,,337.21,26.62,79.86,,,,,,,,62835.64,
18,-70.828,-26.000,,17.75,18510.82,17.75,,,1934.50,17.75,,,88.74,,124.23,93122.04,,17.75,230.72,,,,1029.37,,,17.75,,195.22,,,,,35.50,106.49,70.99,195.22,,53.24,,,35.50,,,115821.32,
19,-71.013,-26.000,,10.74,2481.41,10.74,10.74,,1213.85,21.48,,,,,150.39,52754.03,,,42.97,,10.74,,773.42,,,,,85.94,,10.74,,,21.48,10.74,42.97,32.23,,,10.74,,32.23,,150.39,57877.97,
20,-70.730,-26.500,,,86.70,,,,617.71,,,,10.84,,108.37,89362.52,,,10.84,,10.84,,173.39,,,,,119.21,,845.29,,1224.59,,,1538.86,661.06,,,,,10.84,,,94781.06,
21,-70.712,-26.167,,219.50,23.11,103.97,23.11,,1582.72,57.76,,,415.90,,392.79,215192.72,46.21,,34.66,,,115.53,2483.84,,,,,358.13,,797.14,,69.32,,1236.14,346.58,8664.55,,11.55,23.11,,589.19,,,232787.53,
22,-70.663,-26.333,,3296.97,,94.20,,,94.20,376.80,,,16202.26,,188.40,1417792.04,41541.84,,,,94.20,,94.20,,,,,,,94.20,,,,,188.40,43237.43,,,,,941.99,471.00,5180.96,1529889.07,
23,-70.737,-26.333,,92.07,55.24,,,,1731.00,,,,534.03,,313.05,196781.40,,,,,,,1767.83,,,,,36.83,,18.41,,18.41,,184.15,184.15,,239.39,36.83,36.83,,36.83,,,202066.47,
24,-70.832,-26.333,,,54663.90,59.02,,,6432.78,,,,,59.02,236.07,57216.36,44.26,,147.54,,,,870.49,59.02,,,,103.28,,88.52,,,,132.79,236.07,221.31,,14.75,,,73.77,,,120658.95,
25,-71.018,-26.333,,46.50,11230.57,,,,1015.32,69.76,,,62.00,,372.03,20965.28,15.50,7.75,139.51,,,,744.05,,,,,,,,,,,23.25,23.25,674.30,7.75,46.50,,,38.75,7.75,,35489.84,
26,-71.108,-26.667,,136.07,35671.84,22.68,,,1904.92,181.42,,,45.36,45.36,544.26,106856.77,,,1406.01,,,,589.62,,,,,90.71,,,,,,,226.78,1723.50,430.87,22.68,,,45.36,181.42,,150125.60,
27,-70.918,-26.667,757.02,,27809.31,44.53,22.27,,4608.91,200.39,,,200.39,133.59,222.65,46757.05,,,1402.71,,,,1380.45,66.80,,,,,,,,,,,44.53,4297.20,400.77,66.80,,,66.80,111.33,,88593.48,
28,-70.825,-26.667,149.95,12.50,12395.84,,,,2386.70,49.98,,,37.49,24.99,549.82,41686.03,,12.50,112.46,,,,2236.75,37.49,,12.50,,124.96,,,,,12.50,,162.45,1187.10,12.50,87.47,12.50,,187.44,,,61491.89,
29,-70.752,-26.667,87.47,1287.07,16407.00,124.96,387.37,,5160.77,662.28,,12.50,949.68,37.49,1287.07,115036.44,14507.64,,74.97,,,49.98,387.37,,349.88,,,162.45,49.98,1524.49,24.99,312.40,12.50,,1449.51,2786.57,,,24.99,,462.35,24.99,237.42,163882.56,
30,-70.838,-26.833,11.13,166.99,10820.92,66.80,11.13,,4475.32,244.92,,,333.98,55.66,979.67,91833.08,178.12,,66.80,,22.27,,1580.83,200.39,,33.40,,66.80,,211.52,,55.66,11.13,,723.62,1113.26,,89.06,22.27,,44.53,22.27,,113441.52,
31,-70.853,-27.000,,65.84,1145.58,105.34,39.50,,4174.14,118.51,,,289.69,13.17,1145.58,79558.81,13.17,,13.17,,79.01,,816.39,158.01,,13.17,,13.17,,39.50,13.17,39.50,13.17,,605.71,2607.19,,26.34,39.50,,210.68,39.50,92.17,91488.69,
32,-70.937,-27.000,,,13730.57,21.67,,,2199.93,,,75.86,10.84,43.35,249.25,55496.66,10.84,,162.56,,,,1853.14,10.84,,,,86.70,,21.67,,10.84,32.51,,86.70,65.02,,,65.02,,54.19,,,74288.15,
33,-71.032,-27.000,65.31,114.30,13290.88,16.33,32.66,,4522.82,81.64,,,32.66,32.66,97.97,32704.70,,,114.30,,48.98,,1224.59,16.33,,32.66,,16.33,,,,,81.64,,244.92,457.18,,,16.33,,65.31,16.33,,53326.79,
34,-71.375,-27.333,208.84,37.97,38465.40,,18.99,,1310.03,911.32,,,56.96,455.66,151.89,92309.37,,,132.90,,,,1518.87,246.82,,,,,,,,,,,37.97,3132.67,,56.96,,,56.96,,,139109.57,
35,-71.188,-27.333,31.00,186.01,62407.56,62.00,,31.00,3038.22,992.07,,,279.02,2139.16,186.01,72111.27,,,651.05,,31.00,,2573.19,868.06,,31.00,,93.01,,,,,31.00,,,3441.25,,62.00,31.00,,93.01,,,149368.92,
36,-71.092,-27.333,,,10207.89,143.02,17.88,,2163.14,286.04,,,17.88,,107.26,91710.13,,,2824.60,,,,1054.76,840.23,,,,35.75,17.88,35.75,,,35.75,35.75,250.28,232.40,,17.88,,,89.39,,,110123.67,
37,-71.017,-27.333,,336.16,2125.02,108.05,12.01,,3265.57,48.02,,,84.04,24.01,612.29,60148.95,12.01,,84.04,,12.01,,1572.76,228.11,,,,120.06,,48.02,,120.06,60.03,24.01,348.17,300.14,,12.01,24.01,,84.04,,,69813.61,
38,-70.997,-27.167,,76.54,1632.79,102.05,,,3609.99,38.27,,,140.32,38.27,76.54,69380.65,12.76,12.76,63.78,,12.76,,1415.93,1517.98,,,,63.78,38.27,140.32,,306.15,153.07,,1836.88,688.83,,,12.76,,51.02,,,81422.45,
39,-70.917,-27.500,,94.20,1318.79,58.87,23.55,,3944.59,176.62,,58.87,94.20,,35.32,69648.53,23.55,,11.77,,23.55,1153.94,353.25,105.97,,,,223.72,35.32,247.27,,2496.28,94.20,117.75,965.54,1059.74,,23.55,,,188.40,94.20,1471.86,84143.43,
40,-71.058,-27.667,17.01,1207.58,969.47,221.11,,,2211.06,170.08,,34.02,289.14,136.07,391.19,69869.63,1020.49,,51.02,,51.02,,697.34,34.02,,,,204.10,102.05,85.04,,391.19,,,1632.79,2823.36,,,,,170.08,,425.20,83204.05,
41,-71.133,-27.667,195.26,195.26,42149.31,111.58,55.79,,2259.49,1087.90,,,83.68,557.90,251.05,53028.35,55.79,,1087.90,,,,3012.66,55.79,,,,139.47,27.89,55.79,27.89,251.05,55.79,27.89,530.00,4435.30,,,,,,,167.37,109906.21,
42,-71.233,-27.667,47.10,94.20,50537.87,47.10,23.55,,1766.23,1036.19,,,306.15,1295.24,235.50,67611.47,70.65,,423.90,,,,1624.94,164.85,,23.55,,47.10,,,,,47.10,,70.65,4568.66,,329.70,47.10,,23.55,,,130442.33,
43,-71.417,-27.667,120.06,72.03,25884.46,72.03,192.09,,2401.16,1392.67,,,48.02,288.14,600.29,242300.64,24.01,,888.43,,,,3697.78,384.18,,96.05,,48.02,,,,,48.02,48.02,72.03,3145.51,,384.18,,,48.02,,,282255.87,
44,-71.125,-27.833,49.70,675.91,715.67,168.98,49.70,,2455.14,29.82,,,19.88,318.08,109.34,70642.51,49.70,,19.88,,9.94,,447.29,417.47,,,,477.11,427.41,1143.08,,139.16,,39.76,665.97,6301.86,,49.70,,,139.16,159.04,139.16,85860.42,
45,-71.530,-28.000,,,5906.84,204.10,,12.01,2293.10,252.12,,,108.05,12.01,168.08,30374.62,,,252.12,,,,660.32,180.09,,,,36.02,,,,,,,12.01,684.33,,84.04,36.02,,12.01,,,41287.88,
46,-71.343,-28.000,15.21,,15014.53,273.82,15.21,,2723.00,730.19,,,121.70,182.55,182.55,57943.62,,,91.27,,,,1369.11,410.73,,,,,,,,,30.42,,30.42,3392.34,,121.70,,,15.21,,,82663.59,
47,-71.170,-28.000,49.65,82.74,695.04,248.23,33.10,16.55,3293.15,628.84,,,66.19,,198.58,171492.17,16.55,,99.29,,49.65,16.55,2945.63,49.65,,16.55,,413.71,16.55,82.74,,115.84,,198.58,463.36,1323.88,,,,,182.03,,,182794.80,
48,-71.245,-28.000,165.49,16.55,14099.33,165.49,,16.55,2267.15,281.32,,,893.62,1390.07,347.52,45309.81,,,49.65,,,,1985.82,99.29,,16.55,,66.19,,,,,,33.10,115.84,4319.16,,132.39,,,99.29,,,71870.16,
49,-71.198,-28.167,13.31,26.62,292.84,252.90,,,4259.44,239.59,,,66.55,26.62,212.97,77362.11,,,,,119.80,93.18,465.88,,,,,133.11,,173.04,,26.62,,39.93,146.42,4326.00,,,26.62,,479.19,39.93,,88822.67,
50,-71.213,-28.333,37.68,697.07,56.52,546.36,18.84,,1412.99,263.76,,150.72,75.36,18.84,2166.58,140074.20,471.00,,18.84,,94.20,94.20,207.24,,,,,395.64,18.84,339.12,,18.84,,,94.20,31123.41,,131.88,18.84,,,301.44,866.63,179713.22,
51,-71.290,-28.333,8.27,16.55,206.86,57.92,248.23,,4104.03,24.82,,,132.39,16.55,1108.75,54552.15,8.27,8.27,16.55,,24.82,,943.26,,,,,49.65,,8.27,,41.37,8.27,16.55,82.74,695.04,,41.37,33.10,,41.37,8.27,,62503.71,
52,-71.387,-28.333,,66.80,445.31,133.59,256.05,,5766.70,189.25,,,267.18,311.71,1068.73,164896.54,11.13,,445.31,,11.13,,1948.21,77.93,,,,55.66,,22.27,,33.40,33.40,,77.93,3228.46,,367.38,22.27,,100.19,,,179836.53,
53,-71.538,-28.333,,112.61,4447.93,337.82,225.21,,8163.93,1266.82,,,28.15,56.30,84.45,151792.79,28.15,,28.15,,,,3800.45,1266.82,,,,84.45,,,,28.15,28.15,,281.51,25420.79,,1182.36,,,,,,198665.01,
54,-71.313,-28.500,,322.26,51.56,257.81,116.01,,6432.32,64.45,,51.56,451.16,12.89,1740.21,165345.36,5117.50,,25.78,,64.45,25.78,567.18,38.67,,,,38.67,,38.67,,25.78,12.89,12.89,399.60,16602.86,,193.36,,,541.40,51.56,,198602.64,
55,-71.332,-28.667,,308.91,132.39,441.29,88.26,,2603.63,353.03,,44.13,88.26,,573.68,384984.46,353.03,,176.52,,529.55,220.65,1191.49,44.13,,,,264.78,,617.81,,88.26,44.13,,573.68,21358.61,,132.39,,,220.65,,,415433.71,
56,-71.395,-28.667,40.15,281.05,200.75,180.68,381.43,,6183.17,40.15,,20.08,1525.72,,2148.05,294885.17,220.83,20.08,,,20.08,60.23,2368.88,1927.22,,,,220.83,,20.08,,80.30,140.53,,381.43,37099.04,,903.39,,20.08,120.45,20.08,,349509.89,
57,-71.492,-28.667,,23.78,416.12,130.78,23.78,,2556.18,118.89,,,749.02,,1700.16,151171.41,35.67,,178.34,,,,10010.72,677.69,,,,71.34,,,,23.78,23.78,11.89,118.89,14766.41,,1022.47,,11.89,35.67,11.89,,183890.54,
58,-71.683,-28.667,,81.64,212.26,57.15,97.97,,938.85,473.51,,16.33,383.70,,449.02,78145.14,138.79,,16.33,,8.16,,6939.34,25536.77,,,,146.95,,,,24.49,24.49,,106.13,13682.75,,1836.88,,,24.49,,,129341.14,
59,-71.508,-28.833,,585.67,239.59,319.46,319.46,,1650.53,638.92,,,292.84,,106.49,373233.58,79.86,,,,53.24,26.62,23985.98,3593.90,,,,106.49,26.62,79.86,,159.73,26.62,,851.89,60936.64,,212.97,,,53.24,53.24,,467633.46,
60,-71.947,-29.000,,127.78,1426.91,106.49,53.24,10.65,3194.58,372.70,,,1054.21,308.81,2055.18,52018.43,10.65,,266.22,,,,4962.25,1437.56,,,10.65,117.13,,,,,42.59,,127.78,4248.79,,191.67,,,31.95,21.30,,72197.54,
61,-71.753,-29.000,,330.56,4357.44,601.03,360.62,,13012.20,2013.44,,,2344.00,30.05,1412.41,97035.57,,,360.62,,,,6250.67,1652.82,,,30.05,270.46,,,,,210.36,,480.82,25273.12,,8684.82,60.10,,120.21,,,164891.35,
62,-71.660,-29.000,,482.94,5139.83,413.95,586.42,,8244.42,3622.03,,,1931.75,,965.87,143328.71,137.98,,655.41,,34.50,,6140.20,,,,,172.48,,,,,103.49,,344.95,8002.95,,6278.18,34.50,,103.49,,,186724.03,
63,-71.583,-29.000,,43.74,2033.69,415.49,43.74,,4767.15,1158.99,,,546.69,,1924.35,118107.28,1180.85,21.87,196.81,,,,3192.68,393.62,,21.87,,371.75,21.87,87.47,,415.49,196.81,21.87,940.31,18740.59,,1508.87,,,196.81,21.87,21.87,156594.38,
64,-71.537,-29.167,,163.85,215.60,60.37,8.62,,1750.65,94.86,,,181.10,8.62,439.82,74613.72,146.61,,86.24,,8.62,8.62,810.64,396.70,,,,293.21,17.25,129.36,25.87,155.23,172.48,,1259.08,28415.65,,86.24,,,422.57,77.61,,110049.20,
65,-71.757,-29.333,1596.34,306.15,4504.74,153.07,21.87,,2121.16,1989.96,,,502.96,174.94,546.69,333088.34,21.87,,218.68,,,,21758.33,1158.99,,87.47,,65.60,,,21.87,65.60,,,131.21,4570.34,,,,,87.47,,,373193.65,
66,-71.562,-29.333,,182.03,1621.75,82.74,,16.55,1555.56,397.16,,,314.42,,1836.88,78142.05,165.49,,231.68,,,16.55,2167.85,182.03,,,,446.81,,66.19,,82.74,33.10,,562.65,2399.53,,463.36,,,198.58,33.10,,91198.82,
67,-71.498,-29.333,39.50,148.14,217.27,19.75,9.88,,1589.99,49.38,,,266.64,19.75,1125.83,108030.52,39.50,,79.01,49.38,98.76,,454.28,128.38,,,,88.88,,177.76,29.63,79.01,128.38,,2192.41,5036.62,,39.50,,,335.77,474.03,,120947.96,
68,-71.390,-29.333,274.48,42.23,358.93,190.02,21.11,42.23,401.16,105.57,,,147.80,253.36,316.70,88170.44,21.11,,401.16,,190.02,506.73,886.77,548.95,,,,21.11,,105.57,42.23,42.23,,,2787.00,25695.27,,42.23,,,2491.41,1414.61,60427.16,185947.58,
69,-71.357,-29.500,171.44,16.33,204.10,48.98,16.33,,1624.62,48.98,,,293.90,24.49,661.28,40248.17,8.16,,65.31,,24.49,,898.03,261.25,,,,171.44,,,,8.16,155.11,16.33,163.28,5143.28,,32.66,,,1461.34,130.62,24.49,51922.59,
70,-71.347,-29.667,,20.08,60.23,20.08,,,521.96,10.04,,,200.75,30.11,562.11,16030.08,80.30,,20.08,,10.04,,200.75,,,,,120.45,,,,,20.08,,40.15,2057.71,10.04,,10.04,,180.68,20.08,,20225.80,
71,-71.423,-29.667,,255.57,3205.23,31.95,10.65,,2832.53,255.57,,,117.13,,969.02,28154.91,21.30,,212.97,,,,873.19,149.08,,42.59,,53.24,,,,31.95,21.30,,21.30,1618.59,,10.65,,,127.78,10.65,,39027.13,
72,-71.520,-29.667,,140.53,6223.32,100.38,,,1796.73,331.24,,,391.47,30.11,1114.18,29500.56,311.17,,70.26,,,,491.84,271.02,,,,100.38,,,,,10.04,,100.38,3362.60,301.13,,,,90.34,40.15,,44777.82,
73,-71.713,-29.667,649.40,129.88,2189.42,55.66,55.66,,2950.15,519.52,,,185.54,241.21,983.38,135799.55,18.55,,37.11,,,,2541.95,185.54,,,,18.55,,,,,,,18.55,17997.75,,37.11,,,18.55,,,164633.07,
74,-71.325,-29.833,,,61.23,24.49,,,36.74,,,,24.49,3171.69,722.51,37239.77,36.74,,,,85.72,12.25,97.97,220.43,,,,73.48,,48.98,48.98,,73.48,,85.72,11609.11,,,,,404.11,1518.49,5241.24,60837.61,
75,-71.447,-30.000,122.46,122.46,408.20,142.87,,,1551.15,142.87,,,326.56,1367.46,898.03,197709.97,40.82,163.28,20.41,,20.41,20.41,673.52,142.87,,,,265.33,122.46,163.28,40.82,122.46,428.61,1142.95,1061.31,46779.32,,,,,795.98,530.66,,255326.91,
76,-71.523,-30.000,54.83,73.11,895.60,109.66,18.28,,767.65,91.39,,,127.94,219.33,383.83,55435.52,18.28,18.28,73.11,,,,621.43,164.50,,,18.28,127.94,,,18.28,36.55,91.39,,219.33,35951.75,,,,,274.16,36.55,,95846.97,
77,-71.620,-30.000,,77.42,4194.57,98.53,7.04,,1977.64,239.29,,,133.72,49.27,548.95,19825.68,,,105.57,,,,1541.29,105.57,,7.04,,21.11,,,,,35.19,,14.08,1822.81,,7.04,,,35.19,7.04,,30854.02,
78,-71.817,-30.000,42.47,184.04,13463.41,28.31,14.16,,2746.48,353.93,,,184.04,226.51,254.83,29814.86,14.16,,297.30,,14.16,,1897.05,962.68,,42.47,,,,,,,,14.16,14.16,6583.05,268.98,28.31,,,56.63,,,57506.16,
79,-72.070,-30.333,108.37,325.11,16147.24,43.35,86.70,,4204.79,823.62,,,563.53,671.90,173.39,40834.10,,,151.72,,,,1213.75,1517.19,,,21.67,,,,,,,,21.67,7607.63,,21.67,,,21.67,,,74559.08,
80,-71.875,-30.333,,27.01,3439.66,45.02,,,1890.91,27.01,,,243.12,531.26,153.07,27094.04,,,90.04,,,,513.25,171.08,,9.00,,9.00,,,,,,,9.00,666.32,63.03,,,,18.01,,,34999.85,
81,-71.780,-30.333,7.12,21.36,35320.86,28.48,7.12,,1480.90,64.08,,,299.03,99.68,35.60,10530.05,,,99.68,,,,299.03,21.36,,14.24,,7.12,,,,,,,,85.44,,,,,35.60,,,48456.72,
82,-71.702,-30.333,29.63,,474.03,19.75,,,1846.76,39.50,,,592.54,,108.63,10942.30,,,118.51,,,,138.26,167.89,,,,49.38,,,,,19.75,9.88,29.63,395.03,,,,,49.38,,,15030.85,
83,-71.467,-30.167,,,11.77,11.77,,,388.57,11.77,,105.97,35.32,70.65,188.40,84720.40,,,,,211.95,23.55,82.42,11.77,,,,211.95,23.55,270.82,,47.10,223.72,176.62,1883.98,11774.90,,,,,341.47,82.42,,100910.88,
84,-71.720,-30.500,,,48.71,13.92,,,1148.05,20.87,,,299.19,,403.56,19273.37,,13.92,83.49,,27.83,,382.68,,,,,153.07,6.96,201.78,,27.83,,104.37,480.09,4132.99,,,,,34.79,6.96,,26864.43,
85,-71.723,-30.833,,119.89,,34.25,,,770.72,17.13,,,34.25,,85.64,107746.75,,102.76,17.13,,34.25,,3442.55,,,,,205.53,,85.64,,,17.13,393.92,822.10,513.81,,,,,34.25,,,114477.71,
86,-71.737,-30.667,,,,8.50,8.50,,2993.44,,,,59.53,,187.09,15571.00,,25.51,51.02,,17.01,,4694.26,,,,,93.55,8.50,17.01,,8.50,,76.54,204.10,51.02,,,,,68.03,,,24143.12,
87,-71.817,-30.667,65.02,,97.53,65.02,32.51,,1679.75,32.51,,,195.07,,455.16,23516.45,10.84,,32.51,,,,1842.30,21.67,,,,43.35,,,,32.51,21.67,21.67,368.46,2926.01,,,,21.67,32.51,,,31514.21,
88,-71.913,-30.667,14.13,23.55,612.29,89.49,,,3226.32,103.62,,,98.91,9.42,1088.00,47999.20,4.71,,65.94,,4.71,,2383.24,32.97,,,,141.30,,,,9.42,32.97,4.71,146.01,871.34,,9.42,,,113.04,,,57084.71,
89,-72.108,-30.667,356.24,66.80,10208.62,100.19,11.13,,4297.20,222.65,11.13,,311.71,189.25,378.51,19114.73,,,333.98,,,,1514.04,267.18,11.13,,11.13,55.66,,,,,33.40,,66.80,1636.50,55.66,44.53,,,22.27,,,39320.46,
90,-71.683,-31.167,69.69,,,39.82,,,1363.97,29.87,,39.82,29.87,,179.21,16427.42,,,19.91,,9.96,,258.86,,,,,19.91,,9.96,,,,,9.96,99.56,,,,,9.96,,,18617.74,
91,-71.673,-31.000,,,68.03,119.06,,,884.43,34.02,,,102.05,,178.59,49714.93,,8.50,76.54,,34.02,17.01,433.71,,,,,289.14,,34.02,,8.50,8.50,59.53,204.10,399.69,,,,,170.08,17.01,,52861.45,
92,-71.750,-31.000,,,87.47,58.31,9.72,,4869.20,9.72,,,116.63,,388.76,29846.94,,,456.79,,9.72,,2779.62,9.72,,,,19.44,,,,9.72,9.72,9.72,87.47,1098.24,,,,,77.75,19.44,,39974.10,
93,-71.850,-31.000,,4.98,448.02,109.52,,,2354.60,4.98,,,39.82,34.85,945.82,18986.12,,,54.76,,,,1981.25,164.27,,,,39.82,,,,14.93,39.82,,49.78,1095.16,,,,,19.91,,,26388.41,
94,-72.045,-31.000,207.86,63.26,5820.19,135.56,,9.04,3235.45,162.68,,,614.55,72.30,433.80,23597.07,,,234.98,,,,2123.83,207.86,,,,27.11,,,,,9.04,,36.15,1861.74,189.79,27.11,,,108.45,9.04,,39186.86,
95,-71.597,-31.500,151.18,,302.37,211.66,75.59,,695.45,,,,151.18,15.12,75.59,103817.98,438.43,15.12,45.36,,,,2116.57,,,,,45.36,,,,15.12,211.66,,408.20,28271.39,,,,,15.12,,,137078.43,
96,-71.648,-31.333,58.59,,,58.59,58.59,,1417.95,11.72,,11.72,,,105.47,42948.52,,11.72,23.44,,35.16,,6761.61,11.72,,,,23.44,,11.72,,11.72,35.16,,152.34,152.34,,,,,11.72,11.72,,51924.94,
97,-71.725,-31.333,,,2956.51,29.16,,,2256.74,34.99,,,81.64,,332.39,18088.94,5.83,,93.30,,,,1242.08,,,,,5.83,,,,,11.66,,34.99,29.16,,5.83,,,34.99,,,25244.04,
98,-71.825,-31.333,,,4348.43,51.02,11.34,,2103.35,39.69,,,204.10,204.10,317.49,13629.23,,,136.07,,,5.67,2018.30,28.35,,11.34,,,,,,,17.01,,34.02,141.73,,5.67,,5.67,119.06,,,23431.61,
99,-72.017,-31.333,,14.16,3178.27,21.24,7.08,,2427.94,14.16,,,49.55,21.24,120.34,22991.14,,,28.31,,,,1536.05,42.47,,,,254.83,,,,14.16,70.79,,375.16,212.36,,7.08,,,49.55,,,31435.85,
100,-71.588,-31.833,,1066.58,2113.40,158.01,928.32,,276.52,296.27,,19.75,454.28,,256.77,223546.84,7999.33,,118.51,,98.76,237.02,513.54,,,,,296.27,,19.75,,553.04,19.75,,513.54,46218.38,,,,,19.75,,59.25,285783.64,
101,-71.593,-31.667,,,153.07,306.15,87.47,,1158.99,284.28,,,371.75,,153.07,139362.66,524.82,,87.47,371.75,87.47,21.87,481.09,328.02,,,,,21.87,,,,,,21.87,4089.25,,,,,87.47,218.68,,148219.06,
102,-71.672,-31.667,,,297.64,42.52,,,2270.59,144.57,,,85.04,17.01,212.60,80083.05,76.54,8.50,34.02,,,,901.43,17.01,,,,110.55,,,,8.50,25.51,,187.09,1887.91,,,,,85.04,,,86495.14,
103,-71.770,-31.667,,40.59,2916.01,33.83,,,2070.30,27.06,,,284.16,960.73,493.90,15994.09,,,135.31,,,,1204.29,54.13,6.77,6.77,6.77,,,,,,,,,1001.32,162.38,6.77,,,81.19,,,25486.35,
104,-71.965,-31.667,19.65,32.74,6194.98,32.74,,,1290.08,117.87,6.55,,52.39,163.72,294.69,59801.88,,,144.07,,6.55,,831.67,117.87,,,,13.10,,,,,6.55,,26.19,870.96,98.23,19.65,,,58.94,,,70201.07,
105,-71.578,-32.167,,,65.31,48.98,24.49,,155.11,,,122.46,8.16,8.16,32.66,20001.63,,,32.66,,8.16,,155.11,8.16,,,,48.98,,,,8.16,155.11,,212.26,644.95,,,,,32.66,,,21773.20,
106,-71.918,-32.000,41.94,8.39,3631.83,58.71,50.33,,763.27,243.24,,,67.10,939.41,662.62,28870.12,,,50.33,,,,729.72,276.79,,,8.39,,,,,,,,25.16,2264.65,243.24,16.78,,,33.55,,,38985.56,
107,-71.718,-32.000,,,493.63,47.46,28.48,,1148.65,18.99,,,142.39,47.46,664.51,36528.84,,,56.96,,9.49,,655.01,5259.09,,,,66.45,,,,,,,66.45,,,,,,56.96,,,45290.83,
108,-71.618,-32.000,,10.84,,119.21,32.51,,661.06,,,86.70,65.02,,303.44,15085.21,,,10.84,,,,1072.87,260.09,,,,32.51,,,,,97.53,,75.86,1874.81,,32.51,,,43.35,,,19864.36,
109,-71.540,-32.000,51.02,20.41,214.30,71.43,30.61,,561.27,30.61,,255.12,173.48,10.20,214.30,44860.80,,,51.02,20.41,265.33,255.12,2469.59,122.46,,,,479.63,,40.82,,295.94,132.66,,724.55,1877.70,,20.41,,,204.10,30.61,,53483.95,
